country,iso3,year,value,indicator
Malaysia,MYS,2000,98229000000.0,merchandise_exports_usd
Malaysia,MYS,2001,87969000000.0,merchandise_exports_usd
Malaysia,MYS,2002,94061000000.0,merchandise_exports_usd
Malaysia,MYS,2003,104706000000.0,merchandise_exports_usd
Malaysia,MYS,2004,126646000000.0,merchandise_exports_usd
Malaysia,MYS,2005,141626000000.0,merchandise_exports_usd
Malaysia,MYS,2006,160749000000.0,merchandise_exports_usd
Malaysia,MYS,2007,175966000000.0,merchandise_exports_usd
Malaysia,MYS,2008,199414000000.0,merchandise_exports_usd
Malaysia,MYS,2009,157244000000.0,merchandise_exports_usd
Malaysia,MYS,2010,198612000000.0,merchandise_exports_usd
Malaysia,MYS,2011,228086000000.0,merchandise_exports_usd
Malaysia,MYS,2012,227538000000.0,merchandise_exports_usd
Malaysia,MYS,2013,228331000000.0,merchandise_exports_usd
Malaysia,MYS,2014,233927000000.0,merchandise_exports_usd
Malaysia,MYS,2015,199952000000.0,merchandise_exports_usd
Malaysia,MYS,2016,189743000000.0,merchandise_exports_usd
Malaysia,MYS,2017,218130000000.0,merchandise_exports_usd
Malaysia,MYS,2018,247455000000.0,merchandise_exports_usd
Malaysia,MYS,2019,238195000000.0,merchandise_exports_usd
Malaysia,MYS,2020,234766000000.0,merchandise_exports_usd
Malaysia,MYS,2021,299425000000.0,merchandise_exports_usd
Malaysia,MYS,2022,352094000000.0,merchandise_exports_usd
Malaysia,MYS,2023,312965000000.0,merchandise_exports_usd
Malaysia,MYS,2024,330419000000.0,merchandise_exports_usd
Mongolia,MNG,2000,536000000.0,merchandise_exports_usd
Mongolia,MNG,2001,521000000.0,merchandise_exports_usd
Mongolia,MNG,2002,524000000.0,merchandise_exports_usd
Mongolia,MNG,2003,616000000.0,merchandise_exports_usd
Mongolia,MNG,2004,870000000.0,merchandise_exports_usd
Mongolia,MNG,2005,1065000000.0,merchandise_exports_usd
Mongolia,MNG,2006,1543000000.0,merchandise_exports_usd
Mongolia,MNG,2007,1889000000.0,merchandise_exports_usd
Mongolia,MNG,2008,2539000000.0,merchandise_exports_usd
Mongolia,MNG,2009,1903000000.0,merchandise_exports_usd
Mongolia,MNG,2010,2899000000.0,merchandise_exports_usd
Mongolia,MNG,2011,4818000000.0,merchandise_exports_usd
Mongolia,MNG,2012,4385000000.0,merchandise_exports_usd
Mongolia,MNG,2013,4269000000.0,merchandise_exports_usd
Mongolia,MNG,2014,5775000000.0,merchandise_exports_usd
Mongolia,MNG,2015,4669000000.0,merchandise_exports_usd
Mongolia,MNG,2016,4916000000.0,merchandise_exports_usd
Mongolia,MNG,2017,6201000000.0,merchandise_exports_usd
Mongolia,MNG,2018,7012000000.0,merchandise_exports_usd
Mongolia,MNG,2019,7620000000.0,merchandise_exports_usd
Mongolia,MNG,2020,7576000000.0,merchandise_exports_usd
Mongolia,MNG,2021,9241000000.0,merchandise_exports_usd
Mongolia,MNG,2022,12539000000.0,merchandise_exports_usd
Mongolia,MNG,2023,15187000000.0,merchandise_exports_usd
Mongolia,MNG,2024,15783000000.0,merchandise_exports_usd
Philippines,PHL,2000,38078000000.0,merchandise_exports_usd
Philippines,PHL,2001,32150000000.0,merchandise_exports_usd
Philippines,PHL,2002,35208000000.0,merchandise_exports_usd
Philippines,PHL,2003,36231000000.0,merchandise_exports_usd
Philippines,PHL,2004,39681000000.0,merchandise_exports_usd
Philippines,PHL,2005,41255000000.0,merchandise_exports_usd
Philippines,PHL,2006,47410000000.0,merchandise_exports_usd
Philippines,PHL,2007,50466000000.0,merchandise_exports_usd
Philippines,PHL,2008,49078000000.0,merchandise_exports_usd
Philippines,PHL,2009,38436000000.0,merchandise_exports_usd
Philippines,PHL,2010,51498000000.0,merchandise_exports_usd
Philippines,PHL,2011,48305000000.0,merchandise_exports_usd
Philippines,PHL,2012,52100000000.0,merchandise_exports_usd
Philippines,PHL,2013,56698000000.0,merchandise_exports_usd
Philippines,PHL,2014,62102000000.0,merchandise_exports_usd
Philippines,PHL,2015,58827000000.0,merchandise_exports_usd
Philippines,PHL,2016,56313000000.0,merchandise_exports_usd
Philippines,PHL,2017,68713000000.0,merchandise_exports_usd
Philippines,PHL,2018,67488000000.0,merchandise_exports_usd
Philippines,PHL,2019,70334000000.0,merchandise_exports_usd
Philippines,PHL,2020,63879000000.0,merchandise_exports_usd
Philippines,PHL,2021,74618000000.0,merchandise_exports_usd
Philippines,PHL,2022,78930000000.0,merchandise_exports_usd
Philippines,PHL,2023,73527000000.0,merchandise_exports_usd
Philippines,PHL,2024,72984000000.0,merchandise_exports_usd
Malaysia,MYS,2000,80.3553212964524,manufactures_pct_exports
Malaysia,MYS,2001,80.0269016341535,manufactures_pct_exports
Malaysia,MYS,2002,78.2663766825805,manufactures_pct_exports
Malaysia,MYS,2003,76.6984559604185,manufactures_pct_exports
Malaysia,MYS,2004,75.5185807199386,manufactures_pct_exports
Malaysia,MYS,2005,74.545076553968,manufactures_pct_exports
Malaysia,MYS,2006,73.3888626310126,manufactures_pct_exports
Malaysia,MYS,2007,70.893336469631,manufactures_pct_exports
Malaysia,MYS,2008,54.1517680056406,manufactures_pct_exports
Malaysia,MYS,2009,69.6001051495691,manufactures_pct_exports
Malaysia,MYS,2010,67.0010259669268,manufactures_pct_exports
Malaysia,MYS,2011,62.0434186980999,manufactures_pct_exports
Malaysia,MYS,2012,61.5492703719571,manufactures_pct_exports
Malaysia,MYS,2013,60.6315003418679,manufactures_pct_exports
Malaysia,MYS,2014,61.5701463861358,manufactures_pct_exports
Malaysia,MYS,2015,66.414936202965,manufactures_pct_exports
Malaysia,MYS,2016,68.0179738974581,manufactures_pct_exports
Malaysia,MYS,2017,66.5950762518143,manufactures_pct_exports
Malaysia,MYS,2018,68.4240772452125,manufactures_pct_exports
Malaysia,MYS,2019,70.1215212704831,manufactures_pct_exports
Malaysia,MYS,2020,73.1260443884642,manufactures_pct_exports
Malaysia,MYS,2021,70.2832707695381,manufactures_pct_exports
Malaysia,MYS,2022,66.6596858804422,manufactures_pct_exports
Malaysia,MYS,2023,68.3939118895688,manufactures_pct_exports
Malaysia,MYS,2024,69.7825556725704,manufactures_pct_exports
Mongolia,MNG,2000,22.291836156445,manufactures_pct_exports
Mongolia,MNG,2001,29.5127408418453,manufactures_pct_exports
Mongolia,MNG,2002,29.8624746810562,manufactures_pct_exports
Mongolia,MNG,2003,29.2588184150161,manufactures_pct_exports
Mongolia,MNG,2004,20.5441752045472,manufactures_pct_exports
Mongolia,MNG,2005,14.5584211829119,manufactures_pct_exports
Mongolia,MNG,2006,10.3663404101424,manufactures_pct_exports
Mongolia,MNG,2007,4.89021582459124,manufactures_pct_exports
Mongolia,MNG,2013,3.25960345846457,manufactures_pct_exports
Mongolia,MNG,2014,2.98373887993412,manufactures_pct_exports
Mongolia,MNG,2015,1.65332847654586,manufactures_pct_exports
Mongolia,MNG,2016,4.40156580495838,manufactures_pct_exports
Mongolia,MNG,2017,1.76556687035153,manufactures_pct_exports
Mongolia,MNG,2018,1.93150284257149,manufactures_pct_exports
Mongolia,MNG,2019,2.74264397174297,manufactures_pct_exports
Mongolia,MNG,2020,1.35849938369114,manufactures_pct_exports
Mongolia,MNG,2021,1.24499763862578,manufactures_pct_exports
Mongolia,MNG,2022,1.32154306423407,manufactures_pct_exports
Mongolia,MNG,2023,1.71407144891239,manufactures_pct_exports
Philippines,PHL,2000,91.3301201582007,manufactures_pct_exports
Philippines,PHL,2001,90.9586742364003,manufactures_pct_exports
Philippines,PHL,2002,91.4338170553483,manufactures_pct_exports
Philippines,PHL,2003,89.782674734017,manufactures_pct_exports
Philippines,PHL,2004,89.7242558731507,manufactures_pct_exports
Philippines,PHL,2005,89.0915520721869,manufactures_pct_exports
Philippines,PHL,2006,86.1491708259079,manufactures_pct_exports
Philippines,PHL,2007,84.918775193421,manufactures_pct_exports
Philippines,PHL,2008,82.6300762234931,manufactures_pct_exports
Philippines,PHL,2009,85.3518425327419,manufactures_pct_exports
Philippines,PHL,2010,56.3054470711459,manufactures_pct_exports
Philippines,PHL,2011,57.9042593773254,manufactures_pct_exports
Philippines,PHL,2012,81.8219004151407,manufactures_pct_exports
Philippines,PHL,2013,78.1013022136419,manufactures_pct_exports
Philippines,PHL,2014,78.7258017022243,manufactures_pct_exports
Philippines,PHL,2015,84.1683603088362,manufactures_pct_exports
Philippines,PHL,2016,84.268635265002,manufactures_pct_exports
Philippines,PHL,2017,80.8345389911726,manufactures_pct_exports
Philippines,PHL,2018,81.8909660946722,manufactures_pct_exports
Philippines,PHL,2019,81.1469880645746,manufactures_pct_exports
Philippines,PHL,2020,79.8122088131795,manufactures_pct_exports
Philippines,PHL,2021,79.6968331149038,manufactures_pct_exports
Philippines,PHL,2022,79.3663133121778,manufactures_pct_exports
Philippines,PHL,2023,79.5008108525297,manufactures_pct_exports
Philippines,PHL,2024,77.2100342054306,manufactures_pct_exports
Malaysia,MYS,2000,9.6183788648881,fuel_pct_exports
Malaysia,MYS,2001,9.71984242561603,fuel_pct_exports
Malaysia,MYS,2002,8.39065728551289,fuel_pct_exports
Malaysia,MYS,2003,10.0750778982487,fuel_pct_exports
Malaysia,MYS,2004,11.5989903056011,fuel_pct_exports
Malaysia,MYS,2005,13.4060044181637,fuel_pct_exports
Malaysia,MYS,2006,13.7316107502249,fuel_pct_exports
Malaysia,MYS,2007,14.3947328217767,fuel_pct_exports
Malaysia,MYS,2008,18.3497201239377,fuel_pct_exports
Malaysia,MYS,2009,14.7636800620585,fuel_pct_exports
Malaysia,MYS,2010,15.8464170995942,fuel_pct_exports
Malaysia,MYS,2011,17.7387093045849,fuel_pct_exports
Malaysia,MYS,2012,20.4071462425974,fuel_pct_exports
Malaysia,MYS,2013,22.272387421079,fuel_pct_exports
Malaysia,MYS,2014,22.0894873095308,fuel_pct_exports
Malaysia,MYS,2015,16.4637462888258,fuel_pct_exports
Malaysia,MYS,2016,14.0025952445656,fuel_pct_exports
Malaysia,MYS,2017,15.4036825994082,fuel_pct_exports
Malaysia,MYS,2018,15.6707664196549,fuel_pct_exports
Malaysia,MYS,2019,14.4392776477319,fuel_pct_exports
Malaysia,MYS,2020,11.3856806445869,fuel_pct_exports
Malaysia,MYS,2021,12.447410329578,fuel_pct_exports
Malaysia,MYS,2022,17.0810793062688,fuel_pct_exports
Malaysia,MYS,2023,16.512163379367,fuel_pct_exports
Malaysia,MYS,2024,14.4033158188559,fuel_pct_exports
Mongolia,MNG,2000,0.421898129953086,fuel_pct_exports
Mongolia,MNG,2001,0.73354422821076,fuel_pct_exports
Mongolia,MNG,2002,0.714758877370137,fuel_pct_exports
Mongolia,MNG,2003,2.25359678877231,fuel_pct_exports
Mongolia,MNG,2004,2.99444650595482,fuel_pct_exports
Mongolia,MNG,2005,3.77821429287134,fuel_pct_exports
Mongolia,MNG,2006,4.56321775978835,fuel_pct_exports
Mongolia,MNG,2007,9.01491232499679,fuel_pct_exports
Mongolia,MNG,2013,38.6504020917416,fuel_pct_exports
Mongolia,MNG,2014,25.9095084252338,fuel_pct_exports
Mongolia,MNG,2015,20.6125684700568,fuel_pct_exports
Mongolia,MNG,2016,26.7728424510213,fuel_pct_exports
Mongolia,MNG,2017,42.8047609310714,fuel_pct_exports
Mongolia,MNG,2018,45.785866315202,fuel_pct_exports
Mongolia,MNG,2019,45.7377501391482,fuel_pct_exports
Mongolia,MNG,2020,30.1134721065071,fuel_pct_exports
Mongolia,MNG,2021,33.0756927527797,fuel_pct_exports
Mongolia,MNG,2022,53.8808530762002,fuel_pct_exports
Mongolia,MNG,2023,61.1123302589933,fuel_pct_exports
Philippines,PHL,2000,1.32698174084571,fuel_pct_exports
Philippines,PHL,2001,0.844877173705867,fuel_pct_exports
Philippines,PHL,2002,1.18455225576668,fuel_pct_exports
Philippines,PHL,2003,1.55885386665635,fuel_pct_exports
Philippines,PHL,2004,1.26222116928397,fuel_pct_exports
Philippines,PHL,2005,1.87758618141393,fuel_pct_exports
Philippines,PHL,2006,2.30498008929838,fuel_pct_exports
Philippines,PHL,2007,2.80484257220501,fuel_pct_exports
Philippines,PHL,2008,3.27690782996833,fuel_pct_exports
Philippines,PHL,2009,1.90873424213089,fuel_pct_exports
Philippines,PHL,2010,2.0532774893495,fuel_pct_exports
Philippines,PHL,2011,2.92009931957312,fuel_pct_exports
Philippines,PHL,2012,2.4289829487911,fuel_pct_exports
Philippines,PHL,2013,3.76691271607425,fuel_pct_exports
Philippines,PHL,2014,2.97281997503875,fuel_pct_exports
Philippines,PHL,2015,1.32069608642356,fuel_pct_exports
Philippines,PHL,2016,1.3324937999703,fuel_pct_exports
Philippines,PHL,2017,1.50884665872113,fuel_pct_exports
Philippines,PHL,2018,1.69571571942116,fuel_pct_exports
Philippines,PHL,2019,1.47588152909606,fuel_pct_exports
Philippines,PHL,2020,1.08970257001447,fuel_pct_exports
Philippines,PHL,2021,1.18141567992806,fuel_pct_exports
Philippines,PHL,2022,1.56831669342497,fuel_pct_exports
Philippines,PHL,2023,1.13912732345338,fuel_pct_exports
Philippines,PHL,2024,1.25811696364744,fuel_pct_exports
Malaysia,MYS,2000,1.03989617981973,ores_metals_pct_exports
Malaysia,MYS,2001,1.02358956472504,ores_metals_pct_exports
Malaysia,MYS,2002,0.934102942850581,ores_metals_pct_exports
Malaysia,MYS,2003,0.87114324922253,ores_metals_pct_exports
Malaysia,MYS,2004,1.10960259462128,ores_metals_pct_exports
Malaysia,MYS,2005,1.12341466163758,ores_metals_pct_exports
Malaysia,MYS,2006,1.33413613927732,ores_metals_pct_exports
Malaysia,MYS,2007,1.58482886498104,ores_metals_pct_exports
Malaysia,MYS,2008,1.78781000240496,ores_metals_pct_exports
Malaysia,MYS,2009,1.53300434287036,ores_metals_pct_exports
Malaysia,MYS,2010,1.95008385089786,ores_metals_pct_exports
Malaysia,MYS,2011,2.47740028216928,ores_metals_pct_exports
Malaysia,MYS,2012,2.32139853223928,ores_metals_pct_exports
Malaysia,MYS,2013,3.29270010178921,ores_metals_pct_exports
Malaysia,MYS,2014,2.8776981536232,ores_metals_pct_exports
Malaysia,MYS,2015,3.92523548375553,ores_metals_pct_exports
Malaysia,MYS,2016,3.8542428518838,ores_metals_pct_exports
Malaysia,MYS,2017,3.94778108538485,ores_metals_pct_exports
Malaysia,MYS,2018,4.26651904642306,ores_metals_pct_exports
Malaysia,MYS,2019,3.86055942973732,ores_metals_pct_exports
Malaysia,MYS,2020,3.50293974590154,ores_metals_pct_exports
Malaysia,MYS,2021,4.71802600814694,ores_metals_pct_exports
Malaysia,MYS,2022,3.94576691783134,ores_metals_pct_exports
Malaysia,MYS,2023,3.79046184791075,ores_metals_pct_exports
Malaysia,MYS,2024,3.6968299912749,ores_metals_pct_exports
Mongolia,MNG,2000,35.5540123396456,ores_metals_pct_exports
Mongolia,MNG,2001,33.9628085015687,ores_metals_pct_exports
Mongolia,MNG,2002,35.968627173726,ores_metals_pct_exports
Mongolia,MNG,2003,33.2836542198608,ores_metals_pct_exports
Mongolia,MNG,2004,39.8719187634697,ores_metals_pct_exports
Mongolia,MNG,2005,39.8484073517289,ores_metals_pct_exports
Mongolia,MNG,2006,54.7060161699379,ores_metals_pct_exports
Mongolia,MNG,2007,61.1985671211292,ores_metals_pct_exports
Mongolia,MNG,2013,43.6262686220198,ores_metals_pct_exports
Mongolia,MNG,2014,57.8127429502267,ores_metals_pct_exports
Mongolia,MNG,2015,61.0710138062835,ores_metals_pct_exports
Mongolia,MNG,2016,45.8214514736479,ores_metals_pct_exports
Mongolia,MNG,2017,38.5693760214141,ores_metals_pct_exports
Mongolia,MNG,2018,42.0160927024391,ores_metals_pct_exports
Mongolia,MNG,2019,38.882707655427,ores_metals_pct_exports
Mongolia,MNG,2020,40.085425006193,ores_metals_pct_exports
Mongolia,MNG,2021,49.359351617341,ores_metals_pct_exports
Mongolia,MNG,2022,30.9025030911564,ores_metals_pct_exports
Mongolia,MNG,2023,26.2663019687269,ores_metals_pct_exports
Philippines,PHL,2000,1.61954409495253,ores_metals_pct_exports
Philippines,PHL,2001,1.87203977106435,ores_metals_pct_exports
Philippines,PHL,2002,1.44923205289897,ores_metals_pct_exports
Philippines,PHL,2003,1.72482301745632,ores_metals_pct_exports
Philippines,PHL,2004,2.39356179458319,ores_metals_pct_exports
Philippines,PHL,2005,2.27096876092626,ores_metals_pct_exports
Philippines,PHL,2006,4.44204904598112,ores_metals_pct_exports
Philippines,PHL,2007,5.42409367069035,ores_metals_pct_exports
Philippines,PHL,2008,5.189114885564,ores_metals_pct_exports
Philippines,PHL,2009,3.91237655213636,ores_metals_pct_exports
Philippines,PHL,2010,3.9111085891633,ores_metals_pct_exports
Philippines,PHL,2011,5.59382537456056,ores_metals_pct_exports
Philippines,PHL,2012,5.04619608005299,ores_metals_pct_exports
Philippines,PHL,2013,6.11404772690842,ores_metals_pct_exports
Philippines,PHL,2014,6.58834024151498,ores_metals_pct_exports
Philippines,PHL,2015,5.0613767306783,ores_metals_pct_exports
Philippines,PHL,2016,4.00252116995127,ores_metals_pct_exports
Philippines,PHL,2017,5.58406561295369,ores_metals_pct_exports
Philippines,PHL,2018,4.9082068510258,ores_metals_pct_exports
Philippines,PHL,2019,5.11553589688116,ores_metals_pct_exports
Philippines,PHL,2020,6.59574178209328,ores_metals_pct_exports
Philippines,PHL,2021,7.4874740704197,ores_metals_pct_exports
Philippines,PHL,2022,6.93456443095209,ores_metals_pct_exports
Philippines,PHL,2023,7.87761742498115,ores_metals_pct_exports
Philippines,PHL,2024,7.50901105484672,ores_metals_pct_exports
Malaysia,MYS,2000,2.62166031629589,agri_raw_pct_exports
Malaysia,MYS,2001,2.1150121684883,agri_raw_pct_exports
Malaysia,MYS,2002,2.24931812279421,agri_raw_pct_exports
Malaysia,MYS,2003,2.3926282976905,agri_raw_pct_exports
Malaysia,MYS,2004,2.45105740426016,agri_raw_pct_exports
Malaysia,MYS,2005,2.47911409096325,agri_raw_pct_exports
Malaysia,MYS,2006,2.73721078320376,agri_raw_pct_exports
Malaysia,MYS,2007,2.45972660907967,agri_raw_pct_exports
Malaysia,MYS,2008,2.35122398015465,agri_raw_pct_exports
Malaysia,MYS,2009,2.05762584665344,agri_raw_pct_exports
Malaysia,MYS,2010,2.64559836130296,agri_raw_pct_exports
Malaysia,MYS,2011,3.16591111931744,agri_raw_pct_exports
Malaysia,MYS,2012,2.40056527578499,agri_raw_pct_exports
Malaysia,MYS,2013,2.16598303021311,agri_raw_pct_exports
Malaysia,MYS,2014,1.76060618807828,agri_raw_pct_exports
Malaysia,MYS,2015,1.84500168501232,agri_raw_pct_exports
Malaysia,MYS,2016,1.93698849135515,agri_raw_pct_exports
Malaysia,MYS,2017,2.12696368811702,agri_raw_pct_exports
Malaysia,MYS,2018,1.68245537265053,agri_raw_pct_exports
Malaysia,MYS,2019,1.69909249623657,agri_raw_pct_exports
Malaysia,MYS,2020,1.56448194135702,agri_raw_pct_exports
Malaysia,MYS,2021,1.43359401549096,agri_raw_pct_exports
Malaysia,MYS,2022,1.19341792760023,agri_raw_pct_exports
Malaysia,MYS,2023,1.17817215757273,agri_raw_pct_exports
Malaysia,MYS,2024,1.25365419098266,agri_raw_pct_exports
Mongolia,MNG,2000,24.2432131450539,agri_raw_pct_exports
Mongolia,MNG,2001,17.5188187734565,agri_raw_pct_exports
Mongolia,MNG,2002,12.3745829185291,agri_raw_pct_exports
Mongolia,MNG,2003,9.76958104807852,agri_raw_pct_exports
Mongolia,MNG,2004,7.85493868320118,agri_raw_pct_exports
Mongolia,MNG,2005,9.42190884305527,agri_raw_pct_exports
Mongolia,MNG,2006,10.9332638643733,agri_raw_pct_exports
Mongolia,MNG,2007,10.8234256928031,agri_raw_pct_exports
Mongolia,MNG,2013,6.38347706918238,agri_raw_pct_exports
Mongolia,MNG,2014,5.56768146457813,agri_raw_pct_exports
Mongolia,MNG,2015,6.24337117059169,agri_raw_pct_exports
Mongolia,MNG,2016,5.85735272607289,agri_raw_pct_exports
Mongolia,MNG,2017,4.9404458811209,agri_raw_pct_exports
Mongolia,MNG,2018,5.32629832315718,agri_raw_pct_exports
Mongolia,MNG,2019,5.03538700902138,agri_raw_pct_exports
Mongolia,MNG,2020,3.22374108347945,agri_raw_pct_exports
Mongolia,MNG,2021,3.70575627487445,agri_raw_pct_exports
Mongolia,MNG,2022,3.78643406899139,agri_raw_pct_exports
Mongolia,MNG,2023,2.70848197810823,agri_raw_pct_exports
Philippines,PHL,2000,0.555633518201611,agri_raw_pct_exports
Philippines,PHL,2001,0.518971700170616,agri_raw_pct_exports
Philippines,PHL,2002,0.484723022561182,agri_raw_pct_exports
Philippines,PHL,2003,0.559213152080075,agri_raw_pct_exports
Philippines,PHL,2004,0.582414427714963,agri_raw_pct_exports
Philippines,PHL,2005,0.544450222648732,agri_raw_pct_exports
Philippines,PHL,2006,0.50851261613857,agri_raw_pct_exports
Philippines,PHL,2007,0.505491741448239,agri_raw_pct_exports
Philippines,PHL,2008,0.634164117020924,agri_raw_pct_exports
Philippines,PHL,2009,0.600051882143704,agri_raw_pct_exports
Philippines,PHL,2010,0.702509365278814,agri_raw_pct_exports
Philippines,PHL,2011,1.04670546869927,agri_raw_pct_exports
Philippines,PHL,2012,0.840872507925829,agri_raw_pct_exports
Philippines,PHL,2013,0.987227611353489,agri_raw_pct_exports
Philippines,PHL,2014,1.03572761389821,agri_raw_pct_exports
Philippines,PHL,2015,0.948387367139161,agri_raw_pct_exports
Philippines,PHL,2016,0.836956810268285,agri_raw_pct_exports
Philippines,PHL,2017,0.898913854878867,agri_raw_pct_exports
Philippines,PHL,2018,0.941254932967991,agri_raw_pct_exports
Philippines,PHL,2019,1.12625300952553,agri_raw_pct_exports
Philippines,PHL,2020,1.14756941952154,agri_raw_pct_exports
Philippines,PHL,2021,1.29299492652632,agri_raw_pct_exports
Philippines,PHL,2022,1.36276723559113,agri_raw_pct_exports
Philippines,PHL,2023,1.2011901338258,agri_raw_pct_exports
Philippines,PHL,2024,1.08555437214318,agri_raw_pct_exports
Malaysia,MYS,2009,51.224505755519,hightech_pct_manufactured_exports
Malaysia,MYS,2010,49.6090958943542,hightech_pct_manufactured_exports
Malaysia,MYS,2011,47.4089039264371,hightech_pct_manufactured_exports
Malaysia,MYS,2012,47.5749674208281,hightech_pct_manufactured_exports
Malaysia,MYS,2013,48.4707442408569,hightech_pct_manufactured_exports
Malaysia,MYS,2014,49.2192547300414,hightech_pct_manufactured_exports
Malaysia,MYS,2015,48.4853806485296,hightech_pct_manufactured_exports
Malaysia,MYS,2016,49.058669616671,hightech_pct_manufactured_exports
Malaysia,MYS,2017,51.124071112731,hightech_pct_manufactured_exports
Malaysia,MYS,2018,53.1812872322082,hightech_pct_manufactured_exports
Malaysia,MYS,2019,51.5927774360365,hightech_pct_manufactured_exports
Malaysia,MYS,2020,53.8128736631656,hightech_pct_manufactured_exports
Malaysia,MYS,2021,51.6786836379514,hightech_pct_manufactured_exports
Malaysia,MYS,2022,58.2818244031486,hightech_pct_manufactured_exports
Malaysia,MYS,2023,59.4155074421789,hightech_pct_manufactured_exports
Malaysia,MYS,2024,58.6276748543331,hightech_pct_manufactured_exports
Mongolia,MNG,2007,7.70594792332361,hightech_pct_manufactured_exports
Mongolia,MNG,2013,16.2910691967733,hightech_pct_manufactured_exports
Mongolia,MNG,2014,19.6159698597296,hightech_pct_manufactured_exports
Mongolia,MNG,2015,4.16465439611581,hightech_pct_manufactured_exports
Mongolia,MNG,2016,16.4846204108777,hightech_pct_manufactured_exports
Mongolia,MNG,2017,3.46794374833655,hightech_pct_manufactured_exports
Mongolia,MNG,2018,4.99382130403029,hightech_pct_manufactured_exports
Mongolia,MNG,2019,18.9440212140792,hightech_pct_manufactured_exports
Mongolia,MNG,2020,2.96619929848136,hightech_pct_manufactured_exports
Mongolia,MNG,2021,22.0206999866538,hightech_pct_manufactured_exports
Mongolia,MNG,2022,30.8141690897359,hightech_pct_manufactured_exports
Mongolia,MNG,2023,22.5365545669935,hightech_pct_manufactured_exports
Philippines,PHL,2017,60.3176340363727,hightech_pct_manufactured_exports
Philippines,PHL,2018,61.3459931361948,hightech_pct_manufactured_exports
Philippines,PHL,2019,62.2466747019023,hightech_pct_manufactured_exports
Philippines,PHL,2020,67.0450915850689,hightech_pct_manufactured_exports
Philippines,PHL,2021,64.2254083346106,hightech_pct_manufactured_exports
Philippines,PHL,2022,66.6110921963778,hightech_pct_manufactured_exports
Philippines,PHL,2023,63.977928897569,hightech_pct_manufactured_exports
Philippines,PHL,2024,60.975307025875,hightech_pct_manufactured_exports
Malaysia,MYS,2000,52.68,ict_goods_pct_exports
Malaysia,MYS,2001,51.49,ict_goods_pct_exports
Malaysia,MYS,2002,50.74,ict_goods_pct_exports
Malaysia,MYS,2003,48.54,ict_goods_pct_exports
Malaysia,MYS,2004,45.16,ict_goods_pct_exports
Malaysia,MYS,2005,43.39,ict_goods_pct_exports
Malaysia,MYS,2006,42.7,ict_goods_pct_exports
Malaysia,MYS,2007,39.35,ict_goods_pct_exports
Malaysia,MYS,2008,24.48,ict_goods_pct_exports
Malaysia,MYS,2009,36.46,ict_goods_pct_exports
Malaysia,MYS,2010,34.01,ict_goods_pct_exports
Malaysia,MYS,2011,29.44,ict_goods_pct_exports
Malaysia,MYS,2012,27.9,ict_goods_pct_exports
Malaysia,MYS,2013,28.21,ict_goods_pct_exports
Malaysia,MYS,2014,28.73,ict_goods_pct_exports
Malaysia,MYS,2015,30.05,ict_goods_pct_exports
Malaysia,MYS,2016,30.53,ict_goods_pct_exports
Malaysia,MYS,2017,31.02,ict_goods_pct_exports
Malaysia,MYS,2018,32.99,ict_goods_pct_exports
Malaysia,MYS,2019,32.23,ict_goods_pct_exports
Malaysia,MYS,2020,34.69,ict_goods_pct_exports
Malaysia,MYS,2021,32.19,ict_goods_pct_exports
Mongolia,MNG,2000,0.01,ict_goods_pct_exports
Mongolia,MNG,2001,0.02,ict_goods_pct_exports
Mongolia,MNG,2002,0.12,ict_goods_pct_exports
Mongolia,MNG,2003,0.01,ict_goods_pct_exports
Mongolia,MNG,2004,0.02,ict_goods_pct_exports
Mongolia,MNG,2005,0.0,ict_goods_pct_exports
Mongolia,MNG,2006,0.09,ict_goods_pct_exports
Mongolia,MNG,2007,0.04,ict_goods_pct_exports
Mongolia,MNG,2013,0.19,ict_goods_pct_exports
Mongolia,MNG,2014,0.07,ict_goods_pct_exports
Mongolia,MNG,2015,0.08,ict_goods_pct_exports
Mongolia,MNG,2016,0.09,ict_goods_pct_exports
Mongolia,MNG,2017,0.02,ict_goods_pct_exports
Mongolia,MNG,2018,0.02,ict_goods_pct_exports
Mongolia,MNG,2019,0.01,ict_goods_pct_exports
Mongolia,MNG,2020,0.01,ict_goods_pct_exports
Mongolia,MNG,2021,0.01,ict_goods_pct_exports
Philippines,PHL,2000,38.82,ict_goods_pct_exports
Philippines,PHL,2001,40.52,ict_goods_pct_exports
Philippines,PHL,2002,39.86,ict_goods_pct_exports
Philippines,PHL,2003,38.1,ict_goods_pct_exports
Philippines,PHL,2004,37.32,ict_goods_pct_exports
Philippines,PHL,2005,47.67,ict_goods_pct_exports
Philippines,PHL,2006,47.76,ict_goods_pct_exports
Philippines,PHL,2007,33.71,ict_goods_pct_exports
Philippines,PHL,2008,30.59,ict_goods_pct_exports
Philippines,PHL,2009,36.42,ict_goods_pct_exports
Philippines,PHL,2010,26.77,ict_goods_pct_exports
Philippines,PHL,2011,22.74,ict_goods_pct_exports
Philippines,PHL,2012,29.47,ict_goods_pct_exports
Philippines,PHL,2013,26.92,ict_goods_pct_exports
Philippines,PHL,2014,34.62,ict_goods_pct_exports
Philippines,PHL,2015,42.91,ict_goods_pct_exports
Philippines,PHL,2016,43.21,ict_goods_pct_exports
Philippines,PHL,2017,35.87,ict_goods_pct_exports
Philippines,PHL,2018,38.32,ict_goods_pct_exports
Philippines,PHL,2019,49.02,ict_goods_pct_exports
Philippines,PHL,2020,50.86,ict_goods_pct_exports
Philippines,PHL,2021,48.48,ict_goods_pct_exports
Philippines,PHL,2022,50.71,ict_goods_pct_exports
Malaysia,MYS,2000,0.365038257468414,remittances_pct_gdp
Malaysia,MYS,2001,0.395656009007911,remittances_pct_gdp
Malaysia,MYS,2002,0.431352798574161,remittances_pct_gdp
Malaysia,MYS,2003,0.518185443526144,remittances_pct_gdp
Malaysia,MYS,2004,0.642783009315513,remittances_pct_gdp
Malaysia,MYS,2005,0.778191510217667,remittances_pct_gdp
Malaysia,MYS,2006,0.839300079361867,remittances_pct_gdp
Malaysia,MYS,2007,0.804050512417782,remittances_pct_gdp
Malaysia,MYS,2008,0.575824944244283,remittances_pct_gdp
Malaysia,MYS,2009,0.559125184834752,remittances_pct_gdp
Malaysia,MYS,2010,0.432489840716057,remittances_pct_gdp
Malaysia,MYS,2011,0.406608260024417,remittances_pct_gdp
Malaysia,MYS,2012,0.411459483093052,remittances_pct_gdp
Malaysia,MYS,2013,0.440295355965007,remittances_pct_gdp
Malaysia,MYS,2014,0.467221522754598,remittances_pct_gdp
Malaysia,MYS,2015,0.545442877050346,remittances_pct_gdp
Malaysia,MYS,2016,0.532410432040039,remittances_pct_gdp
Malaysia,MYS,2017,0.516733919100736,remittances_pct_gdp
Malaysia,MYS,2018,0.469796796132669,remittances_pct_gdp
Malaysia,MYS,2019,0.437418180236884,remittances_pct_gdp
Malaysia,MYS,2020,0.422776119475248,remittances_pct_gdp
Malaysia,MYS,2021,0.415301972862394,remittances_pct_gdp
Malaysia,MYS,2022,0.396663370541767,remittances_pct_gdp
Malaysia,MYS,2023,0.426163280659906,remittances_pct_gdp
Malaysia,MYS,2024,0.380193528996402,remittances_pct_gdp
Mongolia,MNG,2000,0.0968693906991448,remittances_pct_gdp
Mongolia,MNG,2001,2.1044815521063,remittances_pct_gdp
Mongolia,MNG,2002,4.91894868729657,remittances_pct_gdp
Mongolia,MNG,2003,4.97433577572138,remittances_pct_gdp
Mongolia,MNG,2004,10.1657238878555,remittances_pct_gdp
Mongolia,MNG,2005,7.01210601990436,remittances_pct_gdp
Mongolia,MNG,2006,4.54567633520099,remittances_pct_gdp
Mongolia,MNG,2007,4.2037712502324,remittances_pct_gdp
Mongolia,MNG,2008,3.99407070425828,remittances_pct_gdp
Mongolia,MNG,2009,4.35482570972523,remittances_pct_gdp
Mongolia,MNG,2010,3.70322313329864,remittances_pct_gdp
Mongolia,MNG,2011,2.39815062443905,remittances_pct_gdp
Mongolia,MNG,2012,2.63436473976603,remittances_pct_gdp
Mongolia,MNG,2013,2.043651376089,remittances_pct_gdp
Mongolia,MNG,2014,2.08662757904284,remittances_pct_gdp
Mongolia,MNG,2015,2.24538022008169,remittances_pct_gdp
Mongolia,MNG,2016,2.3241947000485,remittances_pct_gdp
Mongolia,MNG,2017,2.38105237776487,remittances_pct_gdp
Mongolia,MNG,2018,3.34307917505255,remittances_pct_gdp
Mongolia,MNG,2019,3.9484460422474,remittances_pct_gdp
Mongolia,MNG,2020,4.12254263505693,remittances_pct_gdp
Mongolia,MNG,2021,3.08222219088585,remittances_pct_gdp
Mongolia,MNG,2022,2.32831928767738,remittances_pct_gdp
Mongolia,MNG,2023,2.23995468059518,remittances_pct_gdp
Mongolia,MNG,2024,2.217677569671,remittances_pct_gdp
Philippines,PHL,2000,8.27538844583698,remittances_pct_gdp
Philippines,PHL,2001,11.0996743274612,remittances_pct_gdp
Philippines,PHL,2002,11.5470364978462,remittances_pct_gdp
Philippines,PHL,2003,11.7636795721571,remittances_pct_gdp
Philippines,PHL,2004,12.0713248541975,remittances_pct_gdp
Philippines,PHL,2005,12.7839886627031,remittances_pct_gdp
Philippines,PHL,2006,12.1392347971869,remittances_pct_gdp
Philippines,PHL,2007,10.538140162174,remittances_pct_gdp
Philippines,PHL,2008,10.3789187625683,remittances_pct_gdp
Philippines,PHL,2009,11.3422561884615,remittances_pct_gdp
Philippines,PHL,2010,10.3454184113586,remittances_pct_gdp
Philippines,PHL,2011,9.84286049520808,remittances_pct_gdp
Philippines,PHL,2012,9.39585704973622,remittances_pct_gdp
Philippines,PHL,2013,9.41055797221716,remittances_pct_gdp
Philippines,PHL,2014,9.64449879049469,remittances_pct_gdp
Philippines,PHL,2015,9.72419552564766,remittances_pct_gdp
Philippines,PHL,2016,9.77380233956317,remittances_pct_gdp
Philippines,PHL,2017,9.98833927166016,remittances_pct_gdp
Philippines,PHL,2018,9.74765976052018,remittances_pct_gdp
Philippines,PHL,2019,9.33261353281524,remittances_pct_gdp
Philippines,PHL,2020,9.64277376552078,remittances_pct_gdp
Philippines,PHL,2021,9.30892916286057,remittances_pct_gdp
Philippines,PHL,2022,9.40977059288243,remittances_pct_gdp
Philippines,PHL,2023,8.9455180769963,remittances_pct_gdp
Philippines,PHL,2024,8.72571015588724,remittances_pct_gdp
Malaysia,MYS,2000,342368421.052632,remittances_usd
Malaysia,MYS,2001,367105263.157895,remittances_usd
Malaysia,MYS,2002,435000000.0,remittances_usd
Malaysia,MYS,2003,571052631.578947,remittances_usd
Malaysia,MYS,2004,801868421.052632,remittances_usd
Malaysia,MYS,2005,1116972560.32095,remittances_usd
Malaysia,MYS,2006,1365476253.08673,remittances_usd
Malaysia,MYS,2007,1556236305.16812,remittances_usd
Malaysia,MYS,2008,1329070849.75759,remittances_usd
Malaysia,MYS,2009,1130872358.13318,remittances_usd
Malaysia,MYS,2010,1102925378.35443,remittances_usd
Malaysia,MYS,2011,1211496095.71246,remittances_usd
Malaysia,MYS,2012,1293805738.45027,remittances_usd
Malaysia,MYS,2013,1423370251.9525,remittances_usd
Malaysia,MYS,2014,1579517557.4304,remittances_usd
Malaysia,MYS,2015,1643720838.27636,remittances_usd
Malaysia,MYS,2016,1603918551.47573,remittances_usd
Malaysia,MYS,2017,1648944928.4616,remittances_usd
Malaysia,MYS,2018,1685578502.03885,remittances_usd
Malaysia,MYS,2019,1597353741.92284,remittances_usd
Malaysia,MYS,2020,1426684074.92524,remittances_usd
Malaysia,MYS,2021,1552334622.98838,remittances_usd
Malaysia,MYS,2022,1617714310.48838,remittances_usd
Malaysia,MYS,2023,1704437563.93655,remittances_usd
Malaysia,MYS,2024,1605279752.31516,remittances_usd
Mongolia,MNG,2000,1101304.34782609,remittances_usd
Mongolia,MNG,2001,26684782.6086956,remittances_usd
Mongolia,MNG,2002,68695859.2550305,remittances_usd
Mongolia,MNG,2003,79355447.0978752,remittances_usd
Mongolia,MNG,2004,202508011.372653,remittances_usd
Mongolia,MNG,2005,176948504.051605,remittances_usd
Mongolia,MNG,2006,155191920.280667,remittances_usd
Mongolia,MNG,2007,178029700.0,remittances_usd
Mongolia,MNG,2008,224595247.178827,remittances_usd
Mongolia,MNG,2009,199618694.316196,remittances_usd
Mongolia,MNG,2010,266242560.547641,remittances_usd
Mongolia,MNG,2011,249642620.819919,remittances_usd
Mongolia,MNG,2012,323836415.058262,remittances_usd
Mongolia,MNG,2013,257134721.743118,remittances_usd
Mongolia,MNG,2014,255121827.019504,remittances_usd
Mongolia,MNG,2015,260910769.826184,remittances_usd
Mongolia,MNG,2016,259876359.186202,remittances_usd
Mongolia,MNG,2017,273364998.118358,remittances_usd
Mongolia,MNG,2018,440554140.269687,remittances_usd
Mongolia,MNG,2019,560930420.374501,remittances_usd
Mongolia,MNG,2020,548833335.411407,remittances_usd
Mongolia,MNG,2021,471162099.435259,remittances_usd
Mongolia,MNG,2022,399224608.067342,remittances_usd
Mongolia,MNG,2023,455273507.999481,remittances_usd
Mongolia,MNG,2024,527686176.930018,remittances_usd
Philippines,PHL,2000,6924000000.0,remittances_usd
Philippines,PHL,2001,8760000000.0,remittances_usd
Philippines,PHL,2002,9735000000.0,remittances_usd
Philippines,PHL,2003,10239000000.0,remittances_usd
Philippines,PHL,2004,11468000000.0,remittances_usd
Philippines,PHL,2005,13732557721.8325,remittances_usd
Philippines,PHL,2006,15496088457.3,remittances_usd
Philippines,PHL,2007,16437434091.535,remittances_usd
Philippines,PHL,2008,18850672419.335,remittances_usd
Philippines,PHL,2009,19959507639.085,remittances_usd
Philippines,PHL,2010,21556633835.6025,remittances_usd
Philippines,PHL,2011,23053626019.0124,remittances_usd
Philippines,PHL,2012,24609679612.7445,remittances_usd
Philippines,PHL,2013,26716840269.1056,remittances_usd
Philippines,PHL,2014,28690797896.4983,remittances_usd
Philippines,PHL,2015,29799395699.8779,remittances_usd
Philippines,PHL,2016,31141973475.3293,remittances_usd
Philippines,PHL,2017,32809770433.9087,remittances_usd
Philippines,PHL,2018,33808967986.2665,remittances_usd
Philippines,PHL,2019,35167471832.1844,remittances_usd
Philippines,PHL,2020,34882844550.0775,remittances_usd
Philippines,PHL,2021,36685313168.048,remittances_usd
Philippines,PHL,2022,38048724464.3858,remittances_usd
Philippines,PHL,2023,39096890141.6795,remittances_usd
Philippines,PHL,2024,40279405932.4327,remittances_usd
Malaysia,MYS,2000,93789736842.1053,gdp_usd
Malaysia,MYS,2001,92783947368.4211,gdp_usd
Malaysia,MYS,2002,100845526315.789,gdp_usd
Malaysia,MYS,2003,110202368421.053,gdp_usd
Malaysia,MYS,2004,124749473684.211,gdp_usd
Malaysia,MYS,2005,143534405818.501,gdp_usd
Malaysia,MYS,2006,162692258307.056,gdp_usd
Malaysia,MYS,2007,193549569477.733,gdp_usd
Malaysia,MYS,2008,230811614370.384,gdp_usd
Malaysia,MYS,2009,202257453036.641,gdp_usd
Malaysia,MYS,2010,255017638455.59,gdp_usd
Malaysia,MYS,2011,297951668674.835,gdp_usd
Malaysia,MYS,2012,314443047642.111,gdp_usd
Malaysia,MYS,2013,323276235524.415,gdp_usd
Malaysia,MYS,2014,338066095097.254,gdp_usd
Malaysia,MYS,2015,301355266964.947,gdp_usd
Malaysia,MYS,2016,301256033870.334,gdp_usd
Malaysia,MYS,2017,319109094160.343,gdp_usd
Malaysia,MYS,2018,358788845712.53,gdp_usd
Malaysia,MYS,2019,365177721021.516,gdp_usd
Malaysia,MYS,2020,337456163961.211,gdp_usd
Malaysia,MYS,2021,373784553029.978,gdp_usd
Malaysia,MYS,2022,407830525989.553,gdp_usd
Malaysia,MYS,2023,399949418752.657,gdp_usd
Malaysia,MYS,2024,422227005428.688,gdp_usd
Mongolia,MNG,2000,1136896123.61298,gdp_usd
Mongolia,MNG,2001,1267997934.3125,gdp_usd
Mongolia,MNG,2002,1396555719.97409,gdp_usd
Mongolia,MNG,2003,1595297355.78349,gdp_usd
Mongolia,MNG,2004,1992066808.09598,gdp_usd
Mongolia,MNG,2005,2523471601.10421,gdp_usd
Mongolia,MNG,2006,3414055661.61598,gdp_usd
Mongolia,MNG,2007,4234999703.90059,gdp_usd
Mongolia,MNG,2008,5623216608.04288,gdp_usd
Mongolia,MNG,2009,4583850367.88972,gdp_usd
Mongolia,MNG,2010,7189481998.90094,gdp_usd
Mongolia,MNG,2011,10409797377.8571,gdp_usd
Mongolia,MNG,2012,12292770631.565,gdp_usd
Mongolia,MNG,2013,12582122604.2577,gdp_usd
Mongolia,MNG,2014,12226514668.0622,gdp_usd
Mongolia,MNG,2015,11619892590.6941,gdp_usd
Mongolia,MNG,2016,11181350649.3573,gdp_usd
Mongolia,MNG,2017,11480847740.736,gdp_usd
Mongolia,MNG,2018,13178094720.4986,gdp_usd
Mongolia,MNG,2019,14206359017.5143,gdp_usd
Mongolia,MNG,2020,13312981429.0891,gdp_usd
Mongolia,MNG,2021,15286441737.6686,gdp_usd
Mongolia,MNG,2022,17146471713.748,gdp_usd
Mongolia,MNG,2023,20325121393.9074,gdp_usd
Mongolia,MNG,2024,23794540024.5132,gdp_usd
Philippines,PHL,2000,83669788376.9213,gdp_usd
Philippines,PHL,2001,78921234457.5487,gdp_usd
Philippines,PHL,2002,84307345887.543,gdp_usd
Philippines,PHL,2003,87039092974.2272,gdp_usd
Philippines,PHL,2004,95001999685.3314,gdp_usd
Philippines,PHL,2005,107419977318.166,gdp_usd
Philippines,PHL,2006,127652926368.069,gdp_usd
Philippines,PHL,2007,155980408673.403,gdp_usd
Philippines,PHL,2008,181624626327.361,gdp_usd
Philippines,PHL,2009,175974755881.372,gdp_usd
Philippines,PHL,2010,208368893151.144,gdp_usd
Philippines,PHL,2011,234216730291.32,gdp_usd
Philippines,PHL,2012,261920540962.63,gdp_usd
Philippines,PHL,2013,283902828588.718,gdp_usd
Philippines,PHL,2014,297483555338.044,gdp_usd
Philippines,PHL,2015,306445871242.322,gdp_usd
Philippines,PHL,2016,318627003016.731,gdp_usd
Philippines,PHL,2017,328480736802.76,gdp_usd
Philippines,PHL,2018,346841896587.313,gdp_usd
Philippines,PHL,2019,376823402239.136,gdp_usd
Philippines,PHL,2020,361751145451.597,gdp_usd
Philippines,PHL,2021,394087359848.11,gdp_usd
Philippines,PHL,2022,404353369604.631,gdp_usd
Philippines,PHL,2023,437055627244.424,gdp_usd
Philippines,PHL,2024,461617509782.355,gdp_usd
Malaysia,MYS,2000,4083.52874483605,gdp_per_capita_usd
Malaysia,MYS,2001,3943.79943910239,gdp_per_capita_usd
Malaysia,MYS,2002,4184.03163773539,gdp_per_capita_usd
Malaysia,MYS,2003,4465.32194567208,gdp_per_capita_usd
Malaysia,MYS,2004,4939.24851854427,gdp_per_capita_usd
Malaysia,MYS,2005,5555.58179951206,gdp_per_capita_usd
Malaysia,MYS,2006,6158.40785533236,gdp_per_capita_usd
Malaysia,MYS,2007,7168.93031942508,gdp_per_capita_usd
Malaysia,MYS,2008,8371.82156086005,gdp_per_capita_usd
Malaysia,MYS,2009,7191.43287234626,gdp_per_capita_usd
Malaysia,MYS,2010,8899.34505544675,gdp_per_capita_usd
Malaysia,MYS,2011,10217.1068585031,gdp_per_capita_usd
Malaysia,MYS,2012,10600.5744240026,gdp_per_capita_usd
Malaysia,MYS,2013,10713.6407638899,gdp_per_capita_usd
Malaysia,MYS,2014,11013.3107334403,gdp_per_capita_usd
Malaysia,MYS,2015,9648.6797937523,gdp_per_capita_usd
Malaysia,MYS,2016,9476.53409809923,gdp_per_capita_usd
Malaysia,MYS,2017,9862.54806612235,gdp_per_capita_usd
Malaysia,MYS,2018,10901.8019954421,gdp_per_capita_usd
Malaysia,MYS,2019,10920.191763972,gdp_per_capita_usd
Malaysia,MYS,2020,9957.52626697613,gdp_per_capita_usd
Malaysia,MYS,2021,10903.1037480772,gdp_per_capita_usd
Malaysia,MYS,2022,11754.5678336248,gdp_per_capita_usd
Malaysia,MYS,2023,11386.0395636528,gdp_per_capita_usd
Malaysia,MYS,2024,11874.4273684245,gdp_per_capita_usd
Mongolia,MNG,2000,476.02755082717,gdp_per_capita_usd
Mongolia,MNG,2001,524.453483552485,gdp_per_capita_usd
Mongolia,MNG,2002,570.249213248399,gdp_per_capita_usd
Mongolia,MNG,2003,643.168068921658,gdp_per_capita_usd
Mongolia,MNG,2004,794.154552001815,gdp_per_capita_usd
Mongolia,MNG,2005,994.90010913241,gdp_per_capita_usd
Mongolia,MNG,2006,1329.89179579053,gdp_per_capita_usd
Mongolia,MNG,2007,1627.68787743359,gdp_per_capita_usd
Mongolia,MNG,2008,2127.42678594737,gdp_per_capita_usd
Mongolia,MNG,2009,1703.32756790019,gdp_per_capita_usd
Mongolia,MNG,2010,2625.21881402433,gdp_per_capita_usd
Mongolia,MNG,2011,3736.04201455077,gdp_per_capita_usd
Mongolia,MNG,2012,4328.89001905655,gdp_per_capita_usd
Mongolia,MNG,2013,4340.14310544449,gdp_per_capita_usd
Mongolia,MNG,2014,4126.23975800524,gdp_per_capita_usd
Mongolia,MNG,2015,3838.92126989984,gdp_per_capita_usd
Mongolia,MNG,2016,3619.90026383792,gdp_per_capita_usd
Mongolia,MNG,2017,3645.96708669551,gdp_per_capita_usd
Mongolia,MNG,2018,4107.64288528468,gdp_per_capita_usd
Mongolia,MNG,2019,4347.54610314873,gdp_per_capita_usd
Mongolia,MNG,2020,4001.25193077703,gdp_per_capita_usd
Mongolia,MNG,2021,4517.61578018785,gdp_per_capita_usd
Mongolia,MNG,2022,4993.51487463495,gdp_per_capita_usd
Mongolia,MNG,2023,5838.63108083902,gdp_per_capita_usd
Mongolia,MNG,2024,6750.6301157724,gdp_per_capita_usd
Philippines,PHL,2000,1050.79273107952,gdp_per_capita_usd
Philippines,PHL,2001,969.530611744453,gdp_per_capita_usd
Philippines,PHL,2002,1014.90879320106,gdp_per_capita_usd
Philippines,PHL,2003,1027.2301192843,gdp_per_capita_usd
Philippines,PHL,2004,1099.63013023758,gdp_per_capita_usd
Philippines,PHL,2005,1220.46018559867,gdp_per_capita_usd
Philippines,PHL,2006,1426.14649179546,gdp_per_capita_usd
Philippines,PHL,2007,1712.65543282793,gdp_per_capita_usd
Philippines,PHL,2008,1959.29233534978,gdp_per_capita_usd
Philippines,PHL,2009,1864.45043406471,gdp_per_capita_usd
Philippines,PHL,2010,2162.91375885614,gdp_per_capita_usd
Philippines,PHL,2011,2383.91892522087,gdp_per_capita_usd
Philippines,PHL,2012,2614.61644401308,gdp_per_capita_usd
Philippines,PHL,2013,2781.27957677397,gdp_per_capita_usd
Philippines,PHL,2014,2866.83803761407,gdp_per_capita_usd
Philippines,PHL,2015,2909.85818010301,gdp_per_capita_usd
Philippines,PHL,2016,2985.19564024046,gdp_per_capita_usd
Philippines,PHL,2017,3038.12124959289,gdp_per_capita_usd
Philippines,PHL,2018,3168.51036609727,gdp_per_capita_usd
Philippines,PHL,2019,3400.78949767074,gdp_per_capita_usd
Philippines,PHL,2020,3227.57910235199,gdp_per_capita_usd
Philippines,PHL,2021,3484.38593882819,gdp_per_capita_usd
Philippines,PHL,2022,3548.06930572116,gdp_per_capita_usd
Philippines,PHL,2023,3804.08274131097,gdp_per_capita_usd
Philippines,PHL,2024,3984.8315387656,gdp_per_capita_usd
Malaysia,MYS,2000,125499.0,net_migration
Malaysia,MYS,2001,173613.0,net_migration
Malaysia,MYS,2002,196227.0,net_migration
Malaysia,MYS,2003,199510.0,net_migration
Malaysia,MYS,2004,212278.0,net_migration
Malaysia,MYS,2005,225864.0,net_migration
Malaysia,MYS,2006,232971.0,net_migration
Malaysia,MYS,2007,229784.0,net_migration
Malaysia,MYS,2008,202481.0,net_migration
Malaysia,MYS,2009,178410.0,net_migration
Malaysia,MYS,2010,157164.0,net_migration
Malaysia,MYS,2011,122269.0,net_migration
Malaysia,MYS,2012,134975.0,net_migration
Malaysia,MYS,2013,149637.0,net_migration
Malaysia,MYS,2014,159791.0,net_migration
Malaysia,MYS,2015,187663.0,net_migration
Malaysia,MYS,2016,222141.0,net_migration
Malaysia,MYS,2017,227677.0,net_migration
Malaysia,MYS,2018,221965.0,net_migration
Malaysia,MYS,2019,203284.0,net_migration
Malaysia,MYS,2020,101907.0,net_migration
Malaysia,MYS,2021,188506.0,net_migration
Malaysia,MYS,2022,188154.0,net_migration
Malaysia,MYS,2023,181071.0,net_migration
Malaysia,MYS,2024,174770.0,net_migration
Mongolia,MNG,2000,-11241.0,net_migration
Mongolia,MNG,2001,-10244.0,net_migration
Mongolia,MNG,2002,-8934.0,net_migration
Mongolia,MNG,2003,-7986.0,net_migration
Mongolia,MNG,2004,-8148.0,net_migration
Mongolia,MNG,2005,-8924.0,net_migration
Mongolia,MNG,2006,-11934.0,net_migration
Mongolia,MNG,2007,-15220.0,net_migration
Mongolia,MNG,2008,-17277.0,net_migration
Mongolia,MNG,2009,-15007.0,net_migration
Mongolia,MNG,2010,-6444.0,net_migration
Mongolia,MNG,2011,-505.0,net_migration
Mongolia,MNG,2012,351.0,net_migration
Mongolia,MNG,2013,1505.0,net_migration
Mongolia,MNG,2014,2921.0,net_migration
Mongolia,MNG,2015,4307.0,net_migration
Mongolia,MNG,2016,5633.0,net_migration
Mongolia,MNG,2017,6831.0,net_migration
Mongolia,MNG,2018,7811.0,net_migration
Mongolia,MNG,2019,8660.0,net_migration
Mongolia,MNG,2020,0.0,net_migration
Mongolia,MNG,2021,0.0,net_migration
Mongolia,MNG,2022,0.0,net_migration
Mongolia,MNG,2023,0.0,net_migration
Mongolia,MNG,2024,83.0,net_migration
Philippines,PHL,2000,-33868.0,net_migration
Philippines,PHL,2001,-247496.0,net_migration
Philippines,PHL,2002,-268520.0,net_migration
Philippines,PHL,2003,-248066.0,net_migration
Philippines,PHL,2004,-273743.0,net_migration
Philippines,PHL,2005,-326063.0,net_migration
Philippines,PHL,2006,-566647.0,net_migration
Philippines,PHL,2007,-225977.0,net_migration
Philippines,PHL,2008,-498480.0,net_migration
Philippines,PHL,2009,-164411.0,net_migration
Philippines,PHL,2010,13556.0,net_migration
Philippines,PHL,2011,-240005.0,net_migration
Philippines,PHL,2012,95702.0,net_migration
Philippines,PHL,2013,-218439.0,net_migration
Philippines,PHL,2014,-196524.0,net_migration
Philippines,PHL,2015,-390702.0,net_migration
Philippines,PHL,2016,-309251.0,net_migration
Philippines,PHL,2017,-263593.0,net_migration
Philippines,PHL,2018,-163602.0,net_migration
Philippines,PHL,2019,-6208.0,net_migration
Philippines,PHL,2020,-47014.0,net_migration
Philippines,PHL,2021,-85185.0,net_migration
Philippines,PHL,2022,-221754.0,net_migration
Philippines,PHL,2023,-164284.0,net_migration
Philippines,PHL,2024,-160373.0,net_migration
